<?xml version="1.0" encoding="UTF-8"?>
<!DOCTYPE mapper PUBLIC "-//mybatis.org//DTD Mapper 3.0//EN" "http://mybatis.org/dtd/mybatis-3-mapper.dtd">

<mapper namespace="com.dao.FaremenzhenDao">

	<!-- 可根据自己的需求，是否要使用 -->
    <resultMap type="com.entity.FaremenzhenEntity" id="faremenzhenMap">
        <result property="menzhenmingcheng" column="menzhenmingcheng"/>
        <result property="menzhentupian" column="menzhentupian"/>
        <result property="menzhenlianjie" column="menzhenlianjie"/>
        <result property="zhuyishixiang" column="zhuyishixiang"/>
        <result property="menzhenjieshao" column="menzhenjieshao"/>
    </resultMap>

	<select id="selectListVO"
		resultType="com.entity.vo.FaremenzhenVO" >
		SELECT * FROM faremenzhen  faremenzhen         
        <where> 1=1 ${ew.sqlSegment}</where>
	</select>
	
	<select id="selectVO"
		resultType="com.entity.vo.FaremenzhenVO" >
		SELECT  faremenzhen.* FROM faremenzhen  faremenzhen
 		<where> 1=1 ${ew.sqlSegment}</where>
	</select>

    <select id="selectListView"
		resultType="com.entity.view.FaremenzhenView" >

		SELECT  faremenzhen.* FROM faremenzhen  faremenzhen 	        
        <where> 1=1 ${ew.sqlSegment}</where>
	</select>
	
	<select id="selectView"
		resultType="com.entity.view.FaremenzhenView" >
		SELECT * FROM faremenzhen  faremenzhen <where> 1=1 ${ew.sqlSegment}</where>
	</select>
	

	
</mapper>
