<?xml version="1.0" encoding="UTF-8"?>
<!DOCTYPE mapper PUBLIC "-//mybatis.org//DTD Mapper 3.0//EN" "http://mybatis.org/dtd/mybatis-3-mapper.dtd">

<mapper namespace="com.dao.GelirenyuanDao">

	<!-- 可根据自己的需求，是否要使用 -->
    <resultMap type="com.entity.GelirenyuanEntity" id="gelirenyuanMap">
        <result property="xuehao" column="xuehao"/>
        <result property="xingming" column="xingming"/>
        <result property="shouji" column="shouji"/>
        <result property="gelineirong" column="gelineirong"/>
        <result property="zhuyishixiang" column="zhuyishixiang"/>
        <result property="tianjiariqi" column="tianjiariqi"/>
    </resultMap>

	<select id="selectListVO"
		resultType="com.entity.vo.GelirenyuanVO" >
		SELECT * FROM gelirenyuan  gelirenyuan         
        <where> 1=1 ${ew.sqlSegment}</where>
	</select>
	
	<select id="selectVO"
		resultType="com.entity.vo.GelirenyuanVO" >
		SELECT  gelirenyuan.* FROM gelirenyuan  gelirenyuan
 		<where> 1=1 ${ew.sqlSegment}</where>
	</select>

    <select id="selectListView"
		resultType="com.entity.view.GelirenyuanView" >

		SELECT  gelirenyuan.* FROM gelirenyuan  gelirenyuan 	        
        <where> 1=1 ${ew.sqlSegment}</where>
	</select>
	
	<select id="selectView"
		resultType="com.entity.view.GelirenyuanView" >
		SELECT * FROM gelirenyuan  gelirenyuan <where> 1=1 ${ew.sqlSegment}</where>
	</select>
	

	
</mapper>
