<?xml version="1.0" encoding="UTF-8"?>
<!DOCTYPE mapper PUBLIC "-//mybatis.org//DTD Mapper 3.0//EN" "http://mybatis.org/dtd/mybatis-3-mapper.dtd">

<mapper namespace="com.dao.KaoqindakaDao">

	<!-- 可根据自己的需求，是否要使用 -->
    <resultMap type="com.entity.KaoqindakaEntity" id="kaoqindakaMap">
        <result property="dakashijian" column="dakashijian"/>
        <result property="kaoqintupian" column="kaoqintupian"/>
        <result property="xinxibeizhu" column="xinxibeizhu"/>
        <result property="xuehao" column="xuehao"/>
        <result property="xingming" column="xingming"/>
        <result property="shouji" column="shouji"/>
        <result property="sfsh" column="sfsh"/>
        <result property="shhf" column="shhf"/>
    </resultMap>

	<select id="selectListVO"
		resultType="com.entity.vo.KaoqindakaVO" >
		SELECT * FROM kaoqindaka  kaoqindaka         
        <where> 1=1 ${ew.sqlSegment}</where>
	</select>
	
	<select id="selectVO"
		resultType="com.entity.vo.KaoqindakaVO" >
		SELECT  kaoqindaka.* FROM kaoqindaka  kaoqindaka
 		<where> 1=1 ${ew.sqlSegment}</where>
	</select>

    <select id="selectListView"
		resultType="com.entity.view.KaoqindakaView" >

		SELECT  kaoqindaka.* FROM kaoqindaka  kaoqindaka 	        
        <where> 1=1 ${ew.sqlSegment}</where>
	</select>
	
	<select id="selectView"
		resultType="com.entity.view.KaoqindakaView" >
		SELECT * FROM kaoqindaka  kaoqindaka <where> 1=1 ${ew.sqlSegment}</where>
	</select>
	

	
</mapper>
