<?xml version="1.0" encoding="UTF-8"?>
<!DOCTYPE mapper PUBLIC "-//mybatis.org//DTD Mapper 3.0//EN" "http://mybatis.org/dtd/mybatis-3-mapper.dtd">

<mapper namespace="com.dao.QiuzhutongdaoDao">

	<!-- 可根据自己的需求，是否要使用 -->
    <resultMap type="com.entity.QiuzhutongdaoEntity" id="qiuzhutongdaoMap">
        <result property="xingming" column="xingming"/>
        <result property="wentileibie" column="wentileibie"/>
        <result property="miaoshuwenti" column="miaoshuwenti"/>
        <result property="chulizhuangtai" column="chulizhuangtai"/>
        <result property="lianxidianhua" column="lianxidianhua"/>
        <result property="xuehao" column="xuehao"/>
        <result property="banji" column="banji"/>
        <result property="sfsh" column="sfsh"/>
        <result property="shhf" column="shhf"/>
    </resultMap>

	<select id="selectListVO"
		resultType="com.entity.vo.QiuzhutongdaoVO" >
		SELECT * FROM qiuzhutongdao  qiuzhutongdao         
        <where> 1=1 ${ew.sqlSegment}</where>
	</select>
	
	<select id="selectVO"
		resultType="com.entity.vo.QiuzhutongdaoVO" >
		SELECT  qiuzhutongdao.* FROM qiuzhutongdao  qiuzhutongdao
 		<where> 1=1 ${ew.sqlSegment}</where>
	</select>

    <select id="selectListView"
		resultType="com.entity.view.QiuzhutongdaoView" >

		SELECT  qiuzhutongdao.* FROM qiuzhutongdao  qiuzhutongdao 	        
        <where> 1=1 ${ew.sqlSegment}</where>
	</select>
	
	<select id="selectView"
		resultType="com.entity.view.QiuzhutongdaoView" >
		SELECT * FROM qiuzhutongdao  qiuzhutongdao <where> 1=1 ${ew.sqlSegment}</where>
	</select>
	

	
</mapper>
