<?xml version="1.0" encoding="UTF-8"?>
<!DOCTYPE mapper PUBLIC "-//mybatis.org//DTD Mapper 3.0//EN" "http://mybatis.org/dtd/mybatis-3-mapper.dtd">

<mapper namespace="com.dao.XueshengqingjiaDao">

	<!-- 可根据自己的需求，是否要使用 -->
    <resultMap type="com.entity.XueshengqingjiaEntity" id="xueshengqingjiaMap">
        <result property="qingjiabiaoti" column="qingjiabiaoti"/>
        <result property="qingjiashijian" column="qingjiashijian"/>
        <result property="qingjiatianshu" column="qingjiatianshu"/>
        <result property="mudedi" column="mudedi"/>
        <result property="qingjianeirong" column="qingjianeirong"/>
        <result property="xuehao" column="xuehao"/>
        <result property="xingming" column="xingming"/>
        <result property="sfsh" column="sfsh"/>
        <result property="shhf" column="shhf"/>
    </resultMap>

	<select id="selectListVO"
		resultType="com.entity.vo.XueshengqingjiaVO" >
		SELECT * FROM xueshengqingjia  xueshengqingjia         
        <where> 1=1 ${ew.sqlSegment}</where>
	</select>
	
	<select id="selectVO"
		resultType="com.entity.vo.XueshengqingjiaVO" >
		SELECT  xueshengqingjia.* FROM xueshengqingjia  xueshengqingjia
 		<where> 1=1 ${ew.sqlSegment}</where>
	</select>

    <select id="selectListView"
		resultType="com.entity.view.XueshengqingjiaView" >

		SELECT  xueshengqingjia.* FROM xueshengqingjia  xueshengqingjia 	        
        <where> 1=1 ${ew.sqlSegment}</where>
	</select>
	
	<select id="selectView"
		resultType="com.entity.view.XueshengqingjiaView" >
		SELECT * FROM xueshengqingjia  xueshengqingjia <where> 1=1 ${ew.sqlSegment}</where>
	</select>
	

	
</mapper>
