<?xml version="1.0" encoding="UTF-8"?>
<!DOCTYPE mapper PUBLIC "-//mybatis.org//DTD Mapper 3.0//EN" "http://mybatis.org/dtd/mybatis-3-mapper.dtd">

<mapper namespace="com.dao.YiqingshangbaoDao">

	<!-- 可根据自己的需求，是否要使用 -->
    <resultMap type="com.entity.YiqingshangbaoEntity" id="yiqingshangbaoMap">
        <result property="shangbaobiaoti" column="shangbaobiaoti"/>
        <result property="shangbaotupian" column="shangbaotupian"/>
        <result property="shangbaoneirong" column="shangbaoneirong"/>
        <result property="shangbaoriqi" column="shangbaoriqi"/>
        <result property="xuehao" column="xuehao"/>
        <result property="shouji" column="shouji"/>
        <result property="banji" column="banji"/>
    </resultMap>

	<select id="selectListVO"
		resultType="com.entity.vo.YiqingshangbaoVO" >
		SELECT * FROM yiqingshangbao  yiqingshangbao         
        <where> 1=1 ${ew.sqlSegment}</where>
	</select>
	
	<select id="selectVO"
		resultType="com.entity.vo.YiqingshangbaoVO" >
		SELECT  yiqingshangbao.* FROM yiqingshangbao  yiqingshangbao
 		<where> 1=1 ${ew.sqlSegment}</where>
	</select>

    <select id="selectListView"
		resultType="com.entity.view.YiqingshangbaoView" >

		SELECT  yiqingshangbao.* FROM yiqingshangbao  yiqingshangbao 	        
        <where> 1=1 ${ew.sqlSegment}</where>
	</select>
	
	<select id="selectView"
		resultType="com.entity.view.YiqingshangbaoView" >
		SELECT * FROM yiqingshangbao  yiqingshangbao <where> 1=1 ${ew.sqlSegment}</where>
	</select>
	

	
</mapper>
