<?xml version="1.0" encoding="UTF-8"?>
<!DOCTYPE mapper PUBLIC "-//mybatis.org//DTD Mapper 3.0//EN" "http://mybatis.org/dtd/mybatis-3-mapper.dtd">

<mapper namespace="com.dao.YiqingzixunDao">

	<!-- 可根据自己的需求，是否要使用 -->
    <resultMap type="com.entity.YiqingzixunEntity" id="yiqingzixunMap">
        <result property="biaoti" column="biaoti"/>
        <result property="leixing" column="leixing"/>
        <result property="tupian" column="tupian"/>
        <result property="shipin" column="shipin"/>
        <result property="neirong" column="neirong"/>
        <result property="riqi" column="riqi"/>
    </resultMap>

	<select id="selectListVO"
		resultType="com.entity.vo.YiqingzixunVO" >
		SELECT * FROM yiqingzixun  yiqingzixun         
        <where> 1=1 ${ew.sqlSegment}</where>
	</select>
	
	<select id="selectVO"
		resultType="com.entity.vo.YiqingzixunVO" >
		SELECT  yiqingzixun.* FROM yiqingzixun  yiqingzixun
 		<where> 1=1 ${ew.sqlSegment}</where>
	</select>

    <select id="selectListView"
		resultType="com.entity.view.YiqingzixunView" >

		SELECT  yiqingzixun.* FROM yiqingzixun  yiqingzixun 	        
        <where> 1=1 ${ew.sqlSegment}</where>
	</select>
	
	<select id="selectView"
		resultType="com.entity.view.YiqingzixunView" >
		SELECT * FROM yiqingzixun  yiqingzixun <where> 1=1 ${ew.sqlSegment}</where>
	</select>
	

	
</mapper>
